{
 "name" : "Difficulty"
,
 "unit" : "Difficulty"
,
 "period" : "day"
,
 "values" : 
[
{
 "x" : 1390103681
,
 "y" : 0
}
,
{
 "x" : 1390168920
,
 "y" : 3.446350848679015
}
,
{
 "x" : 1390255364
,
 "y" : 3.854659882951504
}
,
{
 "x" : 1390342102
,
 "y" : 6.106503913529631
}
,
{
 "x" : 1390429201
,
 "y" : 6.106503913529631
}
,
{
 "x" : 1390515215
,
 "y" : 6.106503913529631
}
,
{
 "x" : 1390601837
,
 "y" : 6.106503913529631
}
,
{
 "x" : 1390689206
,
 "y" : 6.106503913529631
}
,
{
 "x" : 1390774422
,
 "y" : 6.106503913529631
}
,
{
 "x" : 1390860092
,
 "y" : 1.526625978382408
}
,
{
 "x" : 1390946403
,
 "y" : 1.074132957450993
}
,
{
 "x" : 1391032818
,
 "y" : 1.838598361575581
}
,
{
 "x" : 1391119380
,
 "y" : 3.169472636808401
}
,
{
 "x" : 1391206090
,
 "y" : 3.169472636808401
}
,
{
 "x" : 1391292040
,
 "y" : 2.069171697876778
}
,
{
 "x" : 1391378535
,
 "y" : 3.890674048073141
}
,
{
 "x" : 1391464878
,
 "y" : 5.442295858272248
}
,
{
 "x" : 1391551303
,
 "y" : 6.4430594178459
}
,
{
 "x" : 1391637600
,
 "y" : 6.930179626619521
}
,
{
 "x" : 1391724411
,
 "y" : 17.05502512971487
}
,
{
 "x" : 1391810698
,
 "y" : 17.64524733064645
}
,
{
 "x" : 1391896824
,
 "y" : 18.51777940644067
}
,
{
 "x" : 1391986878
,
 "y" : 95.19166609927146
}
,
{
 "x" : 1392069848
,
 "y" : 95.19166609927146
}
,
{
 "x" : 1392156122
,
 "y" : 46.13199220178567
}
,
{
 "x" : 1392243016
,
 "y" : 36.83560395648308
}
,
{
 "x" : 1392328876
,
 "y" : 32.83554396904523
}
,
{
 "x" : 1392415207
,
 "y" : 26.0906807666887
}
,
{
 "x" : 1392501655
,
 "y" : 48.53798394889569
}
,
{
 "x" : 1392588016
,
 "y" : 59.37317742985759
}
,
{
 "x" : 1392674417
,
 "y" : 125.3340106680213
}
,
{
 "x" : 1392761496
,
 "y" : 142.9237374769986
}
,
{
 "x" : 1392847406
,
 "y" : 119.773830601405
}
,
{
 "x" : 1392933930
,
 "y" : 156.1126671443327
}
,
{
 "x" : 1393020016
,
 "y" : 153.5676625659051
}
,
{
 "x" : 1393106491
,
 "y" : 227.8085409735895
}
,
{
 "x" : 1393192822
,
 "y" : 171.7877146455596
}
,
{
 "x" : 1393279326
,
 "y" : 206.4780377339914
}
,
{
 "x" : 1393365735
,
 "y" : 175.5867208104827
}
,
{
 "x" : 1393452259
,
 "y" : 167.9778925868077
}
,
{
 "x" : 1393538523
,
 "y" : 152.1085080147965
}
,
{
 "x" : 1393624811
,
 "y" : 140.3589087167131
}
,
{
 "x" : 1393711349
,
 "y" : 214.2432446237932
}
,
{
 "x" : 1393797631
,
 "y" : 230.3862896691888
}
,
{
 "x" : 1393884486
,
 "y" : 367.4725659840105
}
,
{
 "x" : 1393970486
,
 "y" : 190.9880127044841
}
,
{
 "x" : 1394056917
,
 "y" : 302.986346890125
}
,
{
 "x" : 1394143811
,
 "y" : 610.1490147253137
}
,
{
 "x" : 1394229965
,
 "y" : 458.7378322213715
}
,
{
 "x" : 1394316105
,
 "y" : 267.9297954229682
}
,
{
 "x" : 1394402443
,
 "y" : 305.8530982808597
}
,
{
 "x" : 1394488840
,
 "y" : 363.6887058313462
}
,
{
 "x" : 1394575979
,
 "y" : 404.0693641618497
}
,
{
 "x" : 1394661636
,
 "y" : 307.6647716853108
}
,
{
 "x" : 1394748108
,
 "y" : 318.1371005973263
}
,
{
 "x" : 1394834440
,
 "y" : 277.8424390970969
}
,
{
 "x" : 1394920882
,
 "y" : 195.9627626645486
}
,
{
 "x" : 1395007258
,
 "y" : 243.4265815438189
}
,
{
 "x" : 1395093636
,
 "y" : 360.7250209636845
}
,
{
 "x" : 1395180398
,
 "y" : 210.2692134155512
}
,
{
 "x" : 1395266651
,
 "y" : 358.4973716825505
}
,
{
 "x" : 1395352859
,
 "y" : 371.8545116031651
}
,
{
 "x" : 1395439236
,
 "y" : 342.3240629272174
}
,
{
 "x" : 1395525785
,
 "y" : 428.1912151297823
}
,
{
 "x" : 1395612023
,
 "y" : 437.0821175489787
}
,
{
 "x" : 1395698529
,
 "y" : 492.5129168623767
}
,
{
 "x" : 1395784931
,
 "y" : 445.9822425434633
}
,
{
 "x" : 1395871354
,
 "y" : 389.0129153430565
}
,
{
 "x" : 1395957858
,
 "y" : 403.2050758249417
}
,
{
 "x" : 1396044034
,
 "y" : 572.6445583922813
}
,
{
 "x" : 1396130435
,
 "y" : 529.9495937926738
}
,
{
 "x" : 1396213265
,
 "y" : 456.0815549816501
}
,
{
 "x" : 1396299605
,
 "y" : 416.0745994742325
}
,
{
 "x" : 1396386054
,
 "y" : 464.6456365801645
}
,
{
 "x" : 1396472617
,
 "y" : 833.2009480278293
}
,
{
 "x" : 1396559083
,
 "y" : 796.7099781349585
}
,
{
 "x" : 1396645742
,
 "y" : 635.6714035013197
}
,
{
 "x" : 1396731641
,
 "y" : 419.4554591594369
}
,
{
 "x" : 1396818225
,
 "y" : 484.4352044352044
}
,
{
 "x" : 1396904444
,
 "y" : 405.4658385093168
}
,
{
 "x" : 1396990828
,
 "y" : 490.4253266684206
}
,
{
 "x" : 1397077739
,
 "y" : 569.1710758003464
}
,
{
 "x" : 1397163627
,
 "y" : 524.3867080862279
}
,
{
 "x" : 1397250172
,
 "y" : 518.0598666547331
}
,
{
 "x" : 1397336405
,
 "y" : 381.6414922656961
}
,
{
 "x" : 1397422890
,
 "y" : 411.37140475198
}
,
{
 "x" : 1397509452
,
 "y" : 371.6403429103073
}
,
{
 "x" : 1397595726
,
 "y" : 447.8752769694867
}
,
{
 "x" : 1397682185
,
 "y" : 554.6808723321435
}
,
{
 "x" : 1397768538
,
 "y" : 613.3606807531013
}
,
{
 "x" : 1397854871
,
 "y" : 452.7583322088787
}
,
{
 "x" : 1397941203
,
 "y" : 418.9840667299335
}
,
{
 "x" : 1398027710
,
 "y" : 434.1189256326657
}
,
{
 "x" : 1398114001
,
 "y" : 484.2534276230336
}
,
{
 "x" : 1398200590
,
 "y" : 436.1163534274351
}
,
{
 "x" : 1398286999
,
 "y" : 691.8243753585045
}
,
{
 "x" : 1398373249
,
 "y" : 715.9654034936577
}
,
{
 "x" : 1398459641
,
 "y" : 649.0821224790819
}
,
{
 "x" : 1398546031
,
 "y" : 1214.967199378556
}
,
{
 "x" : 1398632522
,
 "y" : 1218.423944634911
}
,
{
 "x" : 1398718867
,
 "y" : 1780.863657774446
}
,
{
 "x" : 1398805282
,
 "y" : 1018.235186176531
}
,
{
 "x" : 1398891763
,
 "y" : 1169.748325410456
}
,
{
 "x" : 1398978190
,
 "y" : 934.2958054705956
}
,
{
 "x" : 1399064644
,
 "y" : 692.4316951696021
}
,
{
 "x" : 1399150805
,
 "y" : 495.5094807726387
}
,
{
 "x" : 1399237214
,
 "y" : 1044.908941219061
}
,
{
 "x" : 1399323894
,
 "y" : 987.7794876170557
}
,
{
 "x" : 1399410091
,
 "y" : 1035.885076112161
}
,
{
 "x" : 1399496432
,
 "y" : 1246.33650230222
}
,
{
 "x" : 1399582986
,
 "y" : 1262.388446544783
}
,
{
 "x" : 1399669431
,
 "y" : 2017.384076439703
}
,
{
 "x" : 1399755846
,
 "y" : 1095.735199008688
}
,
{
 "x" : 1399842024
,
 "y" : 1327.669437061465
}
,
{
 "x" : 1399928401
,
 "y" : 1516.929339850451
}
,
{
 "x" : 1400014820
,
 "y" : 2034.001400864672
}
,
{
 "x" : 1400101352
,
 "y" : 1511.465496975592
}
,
{
 "x" : 1400187817
,
 "y" : 2631.921904586819
}
,
{
 "x" : 1400274127
,
 "y" : 1956.51105328756
}
,
{
 "x" : 1400360401
,
 "y" : 2529.446648067888
}
,
{
 "x" : 1400446844
,
 "y" : 1922.048417932249
}
,
{
 "x" : 1400533221
,
 "y" : 1693.083216450759
}
,
{
 "x" : 1400619606
,
 "y" : 1797.624971277105
}
,
{
 "x" : 1400706122
,
 "y" : 2270.761158574659
}
,
{
 "x" : 1400792419
,
 "y" : 3518.346413088712
}
,
{
 "x" : 1400878871
,
 "y" : 4300.526849118647
}
,
{
 "x" : 1400965529
,
 "y" : 3248.778756509998
}
,
{
 "x" : 1401051744
,
 "y" : 2268.066665258444
}
,
{
 "x" : 1401138113
,
 "y" : 2656.552625068039
}
,
{
 "x" : 1401224438
,
 "y" : 2804.282560619921
}
,
{
 "x" : 1401311288
,
 "y" : 3873.545254325032
}
,
{
 "x" : 1401397381
,
 "y" : 2675.502834727388
}
,
{
 "x" : 1401483760
,
 "y" : 3891.807770201391
}
,
{
 "x" : 1401570077
,
 "y" : 3697.408018953201
}
,
{
 "x" : 1401656777
,
 "y" : 6594.413214308745
}
,
{
 "x" : 1401742877
,
 "y" : 4149.884061471866
}
,
{
 "x" : 1401829584
,
 "y" : 4521.896439359402
}
,
{
 "x" : 1401915603
,
 "y" : 3271.491034233757
}
,
{
 "x" : 1402002017
,
 "y" : 3657.694756474566
}
,
{
 "x" : 1402088572
,
 "y" : 3474.904274108661
}
,
{
 "x" : 1402175239
,
 "y" : 3973.313671379553
}
,
{
 "x" : 1402261253
,
 "y" : 2854.631627782083
}
,
{
 "x" : 1402347643
,
 "y" : 3491.21101866032
}
,
{
 "x" : 1402434296
,
 "y" : 4486.417970316887
}
,
{
 "x" : 1402520808
,
 "y" : 5075.120304963215
}
,
{
 "x" : 1402608036
,
 "y" : 4153.620511907962
}
,
{
 "x" : 1402693387
,
 "y" : 4450.947529434442
}
,
{
 "x" : 1402779648
,
 "y" : 3489.112226063899
}
,
{
 "x" : 1402866230
,
 "y" : 3250.544173975828
}
,
{
 "x" : 1402952532
,
 "y" : 4548.59992056978
}
,
{
 "x" : 1403038829
,
 "y" : 3343.236202121349
}
,
{
 "x" : 1403125590
,
 "y" : 3822.195547819029
}
,
{
 "x" : 1403211758
,
 "y" : 4004.152256361107
}
,
{
 "x" : 1403298367
,
 "y" : 3801.999180271997
}
,
{
 "x" : 1403384615
,
 "y" : 2963.429791326992
}
,
{
 "x" : 1403470843
,