{
 "name" : "Supply"
,
 "unit" : "Supply"
,
 "period" : "day"
,
 "values" : 
[
{
 "x" : 1527710105
,
 "y" : 0
}
,
{
 "x" : 1527714011
,
 "y" : 57802
}
,
{
 "x" : 1527800626
,
 "y" : 291651.9745209
}
,
{
 "x" : 1527886835
,
 "y" : 473001.9392548
}
,
{
 "x" : 1527973311
,
 "y" : 674751.9137522
}
,
{
 "x" : 1528059602
,
 "y" : 879051.87333562
}
,
{
 "x" : 1528146127
,
 "y" : 1084101.84286572
}
,
{
 "x" : 1528232490
,
 "y" : 1287201.80851652
}
,
{
 "x" : 1528318802
,
 "y" : 1489101.76190462
}
,
{
 "x" : 1528405256
,
 "y" : 1693401.72730742
}
,
{
 "x" : 1528491630
,
 "y" : 1899051.69074192
}
,
{
 "x" : 1528578018
,
 "y" : 2104701.66321612
}
,
{
 "x" : 1528664498
,
 "y" : 2309451.63763462
}
,
{
 "x" : 1528750821
,
 "y" : 2513901.61062512
}
,
{
 "x" : 1528837220
,
 "y" : 2718501.58438702
}
,
{
 "x" : 1528923744
,
 "y" : 2922351.55660402
}
,
{
 "x" : 1529010099
,
 "y" : 3128901.53133052
}
,
{
 "x" : 1529096468
,
 "y" : 3333351.50274032
}
,
{
 "x" : 1529182803
,
 "y" : 3538101.47373972
}
,
{
 "x" : 1529269259
,
 "y" : 3747801.44748912
}
,
{
 "x" : 1529355620
,
 "y" : 3948351.41632442
}
,
{
 "x" : 1529442078
,
 "y" : 4155351.38750172
}
,
{
 "x" : 1529528508
,
 "y" : 4359351.35158672
}
,
{
 "x" : 1529614854
,
 "y" : 4564851.31505922
}
,
{
 "x" : 1529701229
,
 "y" : 4768701.28311632
}
,
{
 "x" : 1529787667
,
 "y" : 4973451.24597932
}
,
{
 "x" : 1529874024
,
 "y" : 5180901.20384592
}
,
{
 "x" : 1529960492
,
 "y" : 5386401.17016352
}
,
{
 "x" : 1530046814
,
 "y" : 5591901.13471142
}
,
{
 "x" : 1530133209
,
 "y" : 5798751.02396672
}
,
{
 "x" : 1530219615
,
 "y" : 6003650.96698666
}
,
{
 "x" : 1530306039
,
 "y" : 6208700.90176906
}
,
{
 "x" : 1530392506
,
 "y" : 6414350.83758896
}
,
{
 "x" : 1530478822
,
 "y" : 6619400.81155156
}
,
{
 "x" : 1530565232
,
 "y" : 6824900.78500396
}
,
{
 "x" : 1530651732
,
 "y" : 7030250.75389796
}
,
{
 "x" : 1530738043
,
 "y" : 7236500.71562926
}
,
{
 "x" : 1530824451
,
 "y" : 7442600.67523796
}
,
{
 "x" : 1530910846
,
 "y" : 7647200.64104666
}
,
{
 "x" : 1530997264
,
 "y" : 7851950.60867696
}
,
{
 "x" : 1531083675
,
 "y" : 8057150.56547536
}
,
{
 "x" : 1531170059
,
 "y" : 8263250.53060926
}
,
{
 "x" : 1531256423
,
 "y" : 8468000.50370906
}
,
{
 "x" : 1531342820
,
 "y" : 8673650.44818396
}
,
{
 "x" : 1531429333
,
 "y" : 8879150.42551636
}
,
{
 "x" : 1531515604
,
 "y" : 9084350.39757646
}
,
{
 "x" : 1531602050
,
 "y" : 9289250.36489216
}
,
{
 "x" : 1531688430
,
 "y" : 9495500.31591061
}
,
{
 "x" : 1531774833
,
 "y" : 9700850.26949382
}
,
{
 "x" : 1531861294
,
 "y" : 9902450.21497152
}
,
{
 "x" : 1531947669
,
 "y" : 10106900.17724341
}
]
}
