{
 "name" : "Difficulty"
,
 "unit" : "Difficulty"
,
 "period" : "day"
,
 "values" : 
[
{
 "x" : 1318055359
,
 "y" : 0
}
,
{
 "x" : 1318386858
,
 "y" : 0.000244140625
}
,
{
 "x" : 1318474781
,
 "y" : 0.000244140625
}
]
}
