{
 "name" : "Supply"
,
 "unit" : "Supply"
,
 "period" : "day"
,
 "values" : 
[
{
 "x" : 1527710105
,
 "y" : 0
}
,
{
 "x" : 1527714011
,
 "y" : 57802
}
,
{
 "x" : 1527800626
,
 "y" : 291651.9745209
}
,
{
 "x" : 1527886835
,
 "y" : 473001.9392548
}
]
}
