{
 "name" : "Supply"
,
 "unit" : "Supply"
,
 "period" : "day"
,
 "values" : 
[
{
 "x" : 1527710105
,
 "y" : 0
}
,
{
 "x" : 1527714011
,
 "y" : 57802
}
,
{
 "x" : 1527800626
,
 "y" : 291651.9745209
}
,
{
 "x" : 1527886835
,
 "y" : 473001.9392548
}
,
{
 "x" : 1527973311
,
 "y" : 674751.9137522
}
,
{
 "x" : 1528059602
,
 "y" : 879051.87333562
}
,
{
 "x" : 1528146127
,
 "y" : 1084101.84286572
}
,
{
 "x" : 1528232490
,
 "y" : 1287201.80851652
}
,
{
 "x" : 1528318802
,
 "y" : 1489101.76190462
}
,
{
 "x" : 1528405256
,
 "y" : 1693401.72730742
}
,
{
 "x" : 1528491630
,
 "y" : 1899051.69074192
}
,
{
 "x" : 1528578018
,
 "y" : 2104701.66321612
}
,
{
 "x" : 1528664498
,
 "y" : 2309451.63763462
}
,
{
 "x" : 1528750821
,
 "y" : 2513901.61062512
}
,
{
 "x" : 1528837220
,
 "y" : 2718501.58438702
}
,
{
 "x" : 1528923744
,
 "y" : 2922351.55660402
}
,
{
 "x" : 1529010099
,
 "y" : 3128901.53133052
}
,
{
 "x" : 1529096468
,
 "y" : 3333351.50274032
}
,
{
 "x" : 1529182803
,
 "y" : 3538101.47373972
}
,
{
 "x" : 1529269259
,
 "y" : 3747801.44748912
}
,
{
 "x" : 1529355620
,
 "y" : 3948351.41632442
}
,
{
 "x" : 1529442078
,
 "y" : 4155351.38750172
}
,
{
 "x" : 1529528508
,
 "y" : 4359351.35158672
}
,
{
 "x" : 1529614854
,
 "y" : 4564851.31505922
}
,
{
 "x" : 1529701229
,
 "y" : 4768701.28311632
}
,
{
 "x" : 1529787667
,
 "y" : 4973451.24597932
}
,
{
 "x" : 1529874024
,
 "y" : 5180901.20384592
}
,
{
 "x" : 1529960492
,
 "y" : 5386401.17016352
}
,
{
 "x" : 1530046814
,
 "y" : 5591901.13471142
}
,
{
 "x" : 1530133209
,
 "y" : 5798751.02396672
}
,
{
 "x" : 1530219615
,
 "y" : 6003650.96698666
}
,
{
 "x" : 1530306039
,
 "y" : 6208700.90176906
}
,
{
 "x" : 1530392506
,
 "y" : 6414350.83758896
}
,
{
 "x" : 1530478822
,
 "y" : 6619400.81155156
}
,
{
 "x" : 1530565232
,
 "y" : 6824900.78500396
}
,
{
 "x" : 1530651732
,
 "y" : 7030250.75389796
}
,
{
 "x" : 1530738043
,
 "y" : 7236500.71562926
}
,
{
 "x" : 1530824451
,
 "y" : 7442600.67523796
}
,
{
 "x" : 1530910846
,
 "y" : 7647200.64104666
}
,
{
 "x" : 1530997264
,
 "y" : 7851950.60867696
}
,
{
 "x" : 1531083675
,
 "y" : 8057150.56547536
}
,
{
 "x" : 1531170059
,
 "y" : 8263250.53060926
}
,
{
 "x" : 1531256423
,
 "y" : 8468000.50370906
}
,
{
 "x" : 1531342820
,
 "y" : 8673650.44818396
}
,
{
 "x" : 1531429333
,
 "y" : 8879150.42551636
}
,
{
 "x" : 1531515604
,
 "y" : 9084350.39757646
}
,
{
 "x" : 1531602050
,
 "y" : 9289250.36489216
}
,
{
 "x" : 1531688430
,
 "y" : 9495500.31591061
}
,
{
 "x" : 1531774833
,
 "y" : 9700850.26949382
}
,
{
 "x" : 1531861294
,
 "y" : 9902450.21497152
}
,
{
 "x" : 1531947669
,
 "y" : 10106900.17724341
}
,
{
 "x" : 1532034108
,
 "y" : 10311800.13964129
}
,
{
 "x" : 1532120488
,
 "y" : 10516400.10202736
}
,
{
 "x" : 1532206809
,
 "y" : 10722050.02225845
}
,
{
 "x" : 1532293230
,
 "y" : 10927399.98990107
}
,
{
 "x" : 1532379697
,
 "y" : 11132449.94395962
}
,
{
 "x" : 1532466136
,
 "y" : 11336749.91838283
}
,
{
 "x" : 1532552504
,
 "y" : 11542699.87524498
}
,
{
 "x" : 1532638875
,
 "y" : 11748049.83747469
}
,
{
 "x" : 1532725310
,
 "y" : 11953699.78569262
}
,
{
 "x" : 1532811680
,
 "y" : 12157099.75226606
}
,
{
 "x" : 1532898019
,
 "y" : 12363499.72123948
}
,
{
 "x" : 1532984415
,
 "y" : 12569749.68560386
}
,
{
 "x" : 1533070842
,
 "y" : 12774499.63976109
}
,
{
 "x" : 1533157254
,
 "y" : 12979849.58655413
}
,
{
 "x" : 1533243673
,
 "y" : 13154349.55369471
}
,
{
 "x" : 1533330069
,
 "y" : 13326224.53794259
}
,
{
 "x" : 1533416447
,
 "y" : 13496599.521717
}
,
{
 "x" : 1533503019
,
 "y" : 13667849.47461761
}
,
{
 "x" : 1533589201
,
 "y" : 13838599.42641211
}
,
{
 "x" : 1533675606
,
 "y" : 14009724.39329927
}
,
{
 "x" : 1533762082
,
 "y" : 14181099.3549169
}
,
{
 "x" : 1533848454
,
 "y" : 14352099.3217455
}
,
{
 "x" : 1533934832
,
 "y" : 14523349.2952514
}
,
{
 "x" : 1534021306
,
 "y" : 14694474.25228341
}
,
{
 "x" : 1534107815
,
 "y" : 14865349.19351855
}
,
{
 "x" : 1534194011
,
 "y" : 15036224.15450667
}
,
{
 "x" : 1534280449
,
 "y" : 15206974.1232081
}
,
{
 "x" : 1534366873
,
 "y" : 15378224.09187276
}
,
{
 "x" : 1534453204
,
 "y" : 15549974.06395751
}
,
{
 "x" : 1534539609
,
 "y" : 15720599.02579579
}
,
{
 "x" : 1534626093
,
 "y" : 15892223.97314415
}
,
{
 "x" : 1534712437
,
 "y" : 16063348.94027739
}
,
{
 "x" : 1534798843
,
 "y" : 16233848.90788227
}
,
{
 "x" : 1534885202
,
 "y" : 16404598.88883907
}
,
{
 "x" : 1534971724
,
 "y" : 16576973.84540748
}
,
{
 "x" : 1535058003
,
 "y" : 16748098.81496151
}
,
{
 "x" : 1535144475
,
 "y" : 16919473.78782551
}
,
{
 "x" : 1535230831
,
 "y" : 17090723.7243827
}
,
{
 "x" : 1535317341
,
 "y" : 17261098.69583036
}
,
{
 "x" : 1535403607
,
 "y" : 17431973.6712352
}
,
{
 "x" : 1535490093
,
 "y" : 17601723.6444604
}
,
{
 "x" : 1535576550
,
 "y" : 17774598.61531121
}
,
{
 "x" : 1535662803
,
 "y" : 17944973.59385266
}
,
{
 "x" : 1535749608
,
 "y" : 18113348.57775472
}
,
{
 "x" : 1535835600
,
 "y" : 18281848.53350255
}
,
{
 "x" : 1535922020
,
 "y" : 18449848.51380329
}
,
{
 "x" : 1536008400
,
 "y" : 18621098.48452554
}
,
{
 "x" : 1536094841
,
 "y" : 18791973.4376148
}
,
{
 "x" : 1536181311
,
 "y" : 18962348.41604146
}
,
{
 "x" : 1536267608
,
 "y" : 19131348.35204325
}
,
{
 "x" : 1536354103
,
 "y" : 19302973.3333645
}
,
{
 "x" : 1536440604
,
 "y" : 19473598.29247673
}
,
{
 "x" : 1536526853
,
 "y" : 19644973.26549175
}
,
{
 "x" : 1536613237
,
 "y" : 19816848.16932412
}
,
{
 "x" : 1536699605
,
 "y" : 19987348.14653746
}
,
{
 "x" : 1536786010
,
 "y" : 20157723.10805287
}
,
{
 "x" : 1536872681
,
 "y" : 20329473.06776289
}
,
{
 "x" : 1536958826
,
 "y" : 20499723.03095242
}
,
{
 "x" : 1537045272
,
 "y" : 20669847.99886711
}
,
{
 "x" : 1537131607
,
 "y" : 20840472.9350658
}
,
{
 "x" : 1537218004
,
 "y" : 21012222.91123181
}
,
{
 "x" : 1537304424
,
 "y" : 21168347.86601765
}
,
{
 "x" : 1537390945
,
 "y" : 21305247.82987244
}
,
{
 "x" : 1537477220
,
 "y" : 21442047.80209077
}
,
{
 "x" : 1537563811
,
 "y" : 21579547.75284607
}
,
{
 "x" : 1537650029
,
 "y" : 21716647.7217842
}
,
{
 "x" : 1537736404
,
 "y" : 21854247.68254684
}
,
{
 "x" : 1537822801
,
 "y" : 21990747.66061148
}
,
{
 "x" : 1537909308
,
 "y" : 22125547.63320659
}
,
{
 "x" : 1537995683
,
 "y" : 22262447.60731941
}
,
{
 "x" : 1538082035
,
 "y" : 22399347.57974117
}
,
{
 "x" : 1538168494
,
 "y" : 22536247.55221174
}
,
{
 "x" : 1538254849
,
 "y" : 22672347.52897622
}
,
{
 "x" : 1538341296
,
 "y" : 22808347.49933476
}
,
{
 "x" : 1538427684
,
 "y" : 22945747.47248968
}
,
{
 "x" : 1538514014
,
 "y" : 23082447.44109729
}
,
{
 "x" : 1538600438
,
 "y" : 23219647.40563675
}
,
{
 "x" : 1538686854
,
 "y" : 23357447.37475708
}
,
{
 "x" : 1538773217
,
 "y" : 23493747.34352996
}
,
{
 "x" : 1538859609
,
 "y" : 23631047.31685275
}
,
{
 "x" : 1538946013
,
 "y" : 23766447.28632748
}
,
{
 "x" : 1539032407
,
 "y" : 23903447.25529498
}
,
{
 "x" : 1539118890
,
 "y" : 24039147.21281928
}
,
{
 "x" : 1539205215
,
 "y" : 24176847.18314578
}
,
{
 "x" : 1539291753
,
 "y" : 24313447.14169447
}
,
{
 "x" : 1539378007
,
 "y" : 24448947.10380143
}
,
{
 "x" : 1539464418
,
 "y" : 24586147.05180562
}
,
{
 "x" : 1539550827
,
 "y" : 24724046.99577594
}
,
{
 "x" : 1539637223
,
 "y" : 24861546.94922754
}
,
{
 "x" : 1539723684
,
 "y" : 24996946.89819272
}
,
{
 "x" : 1539810181
,
 "y" : 25133646.86729701
}
,
{
 "x" : 1539896412
,
 "y" : 25271046.83594997
}
,
{
 "x" : 1539983028
,
 "y" : 25408546.80630295
}
,
{
 "x" : 1540069224
,
 "y" : 25545246.76251903
}
,
{
 "x" : 1540155632
,
 "y" : 25682446.6281746
}
,
{
 "x" : 1540242146
,
 "y" : 25819046.5974899
}
,
{
 "x" : 1540328510
,
 "y" : 25957146.56753821
}
,
{
 "x" : 1540414851
,
 "y" : 26093746.53050666
}
,
{
 "x" : 1540501276
,
 "y" : 26230146.49984907
}
,
{
 "x" : 1540587615
,
 "y" : 26366846.4721706
}
,
{
 "x" : 1540674017
,
 "y" : 26503546.4263313
}
,
{
 "x" : 1540764106
,
 "y" : 26646646.37162064
}
,
{
 "x" : 1540850413
,
 "y" : 26783246.34938475
}
,
{
 "x" : 1540936916
,
 "y" : 26920346.31507513
}
,
{
 "x" : 1541023204
,
 "y" : 27057246.27664319
}
,
{
 "x" : 1541109706
,