{
 "name" : "Difficulty"
,
 "unit" : "Difficulty"
,
 "period" : "day"
,
 "values" : 
[
{
 "x" : 1527710105
,
 "y" : 0
,
{
 "x" : 1527714011
,
 "y" : 0.003080059842505474
}
,
{
 "x" : 1527800626
,
 "y" : 24014.65939780257
}
,
{
 "x" : 1527886835
,
 "y" : 6428.127194518531
}
,
{
 "x" : 1527973311
,
 "y" : 8469.035079762585
}
,
{
 "x" : 1528059602
,
 "y" : 5987.160780202746
}
,
{
 "x" : 1528146127
,
 "y" : 5787.239969116048
}
,
{
 "x" : 1528232490
,
 "y" : 2143.215885410429
}
,
{
 "x" : 1528318802
,
 "y" : 1777.835354192641
}
]
}
