{
 "name" : "Difficulty"
,
 "unit" : "Difficulty"
,
 "period" : "day"
,
 "values" : 
[
{
 "x" : 1527710105
,
 "y" : 0
}
,
{
 "x" : 1527714011
,
 "y" : 0.003080059842505474
}
,
{
 "x" : 1527800626
,
 "y" : 24014.65939780257
}
,
{
 "x" : 1527886835
,
 "y" : 6428.127194518531
}
,
{
 "x" : 1527973311
,
 "y" : 8469.035079762585
}
,
{
 "x" : 1528059602
,
 "y" : 5987.160780202746
}
,
{
 "x" : 1528146127
,
 "y" : 5787.239969116048
}
,
{
 "x" : 1528232490
,
 "y" : 2143.215885410429
}
,
{
 "x" : 1528318802
,
 "y" : 1777.835354192641
}
,
{
 "x" : 1528405256
,
 "y" : 1429.671457645805
}
,
{
 "x" : 1528491630
,
 "y" : 1465.477161065254
}
,
{
 "x" : 1528578018
,
 "y" : 2268.06546753054
}
,
{
 "x" : 1528664498
,
 "y" : 1505.781090532996
}
,
{
 "x" : 1528750821
,
 "y" : 932.7526954346195
}
,
{
 "x" : 1528837220
,
 "y" : 526.7640603534563
}
,
{
 "x" : 1528923744
,
 "y" : 433.3899925085893
}
,
{
 "x" : 1529010099
,
 "y" : 1088.324772662886
}
,
{
 "x" : 1529096468
,
 "y" : 1088.65084305833
}
,
{
 "x" : 1529182803
,
 "y" : 520.6404108389266
}
,
{
 "x" : 1529269259
,
 "y" : 6759.186109279418
}
,
{
 "x" : 1529355620
,
 "y" : 601.0968287673188
}
,
{
 "x" : 1529442078
,
 "y" : 1413.378255328097
}
,
{
 "x" : 1529528508
,
 "y" : 1072.556621421806
}
,
{
 "x" : 1529614854
,
 "y" : 1359.234734922593
}
,
{
 "x" : 1529701229
,
 "y" : 679.0785823360901
}
,
{
 "x" : 1529787667
,
 "y" : 519.6485812724773
}
,
{
 "x" : 1529874024
,
 "y" : 1608.690709308371
}
,
{
 "x" : 1529960492
,
 "y" : 1418.670112511867
}
,
{
 "x" : 1530046814
,
 "y" : 1096.805238430994
}
,
{
 "x" : 1530133209
,
 "y" : 3171.206821314837
}
,
{
 "x" : 1530219615
,
 "y" : 1783.660037833561
}
,
{
 "x" : 1530306039
,
 "y" : 1451.036699060943
}
,
{
 "x" : 1530392506
,
 "y" : 1765.002249967021
}
,
{
 "x" : 1530478822
,
 "y" : 1374.308753283057
}
,
{
 "x" : 1530565232
,
 "y" : 1604.801046825018
}
,
{
 "x" : 1530651732
,
 "y" : 1316.101284813897
}
,
{
 "x" : 1530738043
,
 "y" : 1807.334098083888
}
,
{
 "x" : 1530824451
,
 "y" : 2234.943323767176
}
,
{
 "x" : 1530910846
,
 "y" : 1550.908614907624
}
,
{
 "x" : 1530997264
,
 "y" : 1242.114204819051
}
,
{
 "x" : 1531083675
,
 "y" : 1316.942697424038
}
,
{
 "x" : 1531170059
,
 "y" : 1540.024985191039
}
,
{
 "x" : 1531256423
,
 "y" : 1553.244133973355
}
,
{
 "x" : 1531342820
,
 "y" : 1486.382850452622
}
,
{
 "x" : 1531429333
,
 "y" : 1761.01469568601
}
,
{
 "x" : 1531515604
,
 "y" : 2220.402194086719
}
,
{
 "x" : 1531602050
,
 "y" : 2082.973477491005
}
,
{
 "x" : 1531688430
,
 "y" : 3909.499399680133
}
,
{
 "x" : 1531774833
,
 "y" : 4770.835542926839
}
,
{
 "x" : 1531861294
,
 "y" : 2128.940804178074
}
,
{
 "x" : 1531947669
,
 "y" : 3173.725943419929
}
,
{
 "x" : 1532034108
,
 "y" : 5341.273204600938
}
,
{
 "x" : 1532120488
,
 "y" : 3036.238286886191
}
,
{
 "x" : 1532206809
,
 "y" : 3427.621080790757
}
,
{
 "x" : 1532293230
,
 "y" : 3252.210539069067
}
,
{
 "x" : 1532379697
,
 "y" : 2362.536173208942
}
,
{
 "x" : 1532466136
,
 "y" : 1817.537013855916
}
,
{
 "x" : 1532552504
,
 "y" : 1846.621469626144
}
,
{
 "x" : 1532638875
,
 "y" : 1656.169675861478
}
,
{
 "x" : 1532725310
,
 "y" : 2967.237877053365
}
,
{
 "x" : 1532811680
,
 "y" : 1702.181481664966
}
,
{
 "x" : 1532898019
,
 "y" : 1953.909322885556
}
,
{
 "x" : 1532984415
,
 "y" : 3610.966626170228
}
,
{
 "x" : 1533070842
,
 "y" : 2460.686418304488
}
,
{
 "x" : 1533157254
,
 "y" : 2576.617432850434
}
,
{
 "x" : 1533243673
,
 "y" : 1550.079638741978
}
,
{
 "x" : 1533330069
,
 "y" : 2928.121834471089
}
,
{
 "x" : 1533416447
,
 "y" : 2570.530666623574
}
,
{
 "x" : 1533503019
,
 "y" : 3061.033020713583
}
,
{
 "x" : 1533589201
,
 "y" : 2392.02863148327
}
,
{
 "x" : 1533675606
,
 "y" : 2815.856328380285
}
,
{
 "x" : 1533762082
,
 "y" : 2984.305294118873
}
]
}
