{
 "name" : "Difficulty"
,
 "unit" : "Difficulty"
,
 "period" : "day"
,
 "values" : 
[
{
 "x" : 1527710105
,
 "y" : 0
}
,
{
 "x" : 1527714011
,
 "y" : 0.003080059842505474
}
,
{
 "x" : 1527800626
,
 "y" : 24014.65939780257
}
,
{
 "x" : 1527886835
,
 "y" : 6428.127194518531
}
,
{
 "x" : 1527973311
,
 "y" : 8469.035079762585
}
,
{
 "x" : 1528059602
,
 "y" : 5987.160780202746
}
,
{
 "x" : 1528146127
,
 "y" : 5787.239969116048
}
,
{
 "x" : 1528232490
,
 "y" : 2143.215885410429
}
,
{
 "x" : 1528318802
,
 "y" : 1777.835354192641
}
,
{
 "x" : 1528405256
,
 "y" : 1429.671457645805
}
,
{
 "x" : 1528491630
,
 "y" : 1465.477161065254
}
,
{
 "x" : 1528578018
,
 "y" : 2268.06546753054
}
,
{
 "x" : 1528664498
,
 "y" : 1505.781090532996
}
,
{
 "x" : 1528750821
,
 "y" : 932.7526954346195
}
,
{
 "x" : 1528837220
,
 "y" : 526.7640603534563
}
,
{
 "x" : 1528923744
,
 "y" : 433.3899925085893
}
,
{
 "x" : 1529010099
,
 "y" : 1088.324772662886
}
,
{
 "x" : 1529096468
,
 "y" : 1088.65084305833
}
,
{
 "x" : 1529182803
,
 "y" : 520.6404108389266
}
,
{
 "x" : 1529269259
,
 "y" : 6759.186109279418
}
,
{
 "x" : 1529355620
,
 "y" : 601.0968287673188
}
,
{
 "x" : 1529442078
,
 "y" : 1413.378255328097
}
,
{
 "x" : 1529528508
,
 "y" : 1072.556621421806
}
,
{
 "x" : 1529614854
,
 "y" : 1359.234734922593
}
,
{
 "x" : 1529701229
,
 "y" : 679.0785823360901
}
,
{
 "x" : 1529787667
,
 "y" : 519.6485812724773
}
,
{
 "x" : 1529874024
,
 "y" : 1608.690709308371
}
,
{
 "x" : 1529960492
,
 "y" : 1418.670112511867
}
,
{
 "x" : 1530046814
,
 "y" : 1096.805238430994
}
,
{
 "x" : 1530133209
,
 "y" : 3171.206821314837
}
,
{
 "x" : 1530219615
,
 "y" : 1783.660037833561
}
,
{
 "x" : 1530306039
,
 "y" : 1451.036699060943
}
,
{
 "x" : 1530392506
,
 "y" : 1765.002249967021
}
,
{
 "x" : 1530478822
,
 "y" : 1374.308753283057
}
,
{
 "x" : 1530565232
,
 "y" : 1604.801046825018
}
,
{
 "x" : 1530651732
,
 "y" : 1316.101284813897
}
,
{
 "x" : 1530738043
,
 "y" : 1807.334098083888
}
,
{
 "x" : 1530824451
,
 "y" : 2234.943323767176
}
,
{
 "x" : 1530910846
,
 "y" : 1550.908614907624
}
,
{
 "x" : 1530997264
,
 "y" : 1242.114204819051
}
,
{
 "x" : 1531083675
,
 "y" : 1316.942697424038
}
,
{
 "x" : 1531170059
,
 "y" : 1540.024985191039
}
,
{
 "x" : 1531256423
,
 "y" : 1553.244133973355
}
,
{
 "x" : 1531342820
,
 "y" : 1486.382850452622
}
,
{
 "x" : 1531429333
,
 "y" : 1761.01469568601
}
,
{
 "x" : 1531515604
,
 "y" : 2220.402194086719
}
,
{
 "x" : 1531602050
,
 "y" : 2082.973477491005
}
,
{
 "x" : 1531688430
,
 "y" : 3909.499399680133
}
,
{
 "x" : 1531774833
,
 "y" : 4770.835542926839
}
,
{
 "x" : 1531861294
,
 "y" : 2128.940804178074
}
,
{
 "x" : 1531947669
,
 "y" : 3173.725943419929
}
,
{
 "x" : 1532034108
,
 "y" : 5341.273204600938
}
,
{
 "x" : 1532120488
,
 "y" : 3036.238286886191
}
,
{
 "x" : 1532206809
,
 "y" : 3427.621080790757
}
,
{
 "x" : 1532293230
,
 "y" : 3252.210539069067
}
,
{
 "x" : 1532379697
,
 "y" : 2362.536173208942
}
,
{
 "x" : 1532466136
,
 "y" : 1817.537013855916
}
,
{
 "x" : 1532552504
,
 "y" : 1846.621469626144
}
,
{
 "x" : 1532638875
,
 "y" : 1656.169675861478
}
,
{
 "x" : 1532725310
,
 "y" : 2967.237877053365
}
,
{
 "x" : 1532811680
,
 "y" : 1702.181481664966
}
,
{
 "x" : 1532898019
,
 "y" : 1953.909322885556
}
,
{
 "x" : 1532984415
,
 "y" : 3610.966626170228
}
,
{
 "x" : 1533070842
,
 "y" : 2460.686418304488
}
,
{
 "x" : 1533157254
,
 "y" : 2576.617432850434
}
,
{
 "x" : 1533243673
,
 "y" : 1550.079638741978
}
,
{
 "x" : 1533330069
,
 "y" : 2928.121834471089
}
,
{
 "x" : 1533416447
,
 "y" : 2570.530666623574
}
,
{
 "x" : 1533503019
,
 "y" : 3061.033020713583
}
,
{
 "x" : 1533589201
,
 "y" : 2392.02863148327
}
,
{
 "x" : 1533675606
,
 "y" : 2815.856328380285
}
,
{
 "x" : 1533762082
,
 "y" : 2984.305294118873
}
,
{
 "x" : 1533848454
,
 "y" : 2666.210033870022
}
,
{
 "x" : 1533934832
,
 "y" : 2158.600049254399
}
,
{
 "x" : 1534021306
,
 "y" : 2693.050866906319
}
,
{
 "x" : 1534107815
,
 "y" : 2574.762292148384
}
,
{
 "x" : 1534194011
,
 "y" : 1710.096313075429
}
,
{
 "x" : 1534280449
,
 "y" : 1866.67983296419
}
,
{
 "x" : 1534366873
,
 "y" : 2375.21762357774
}
,
{
 "x" : 1534453204
,
 "y" : 2802.944732105448
}
,
{
 "x" : 1534539609
,
 "y" : 1802.905687195635
}
,
{
 "x" : 1534626093
,
 "y" : 2225.532577723127
}
,
{
 "x" : 1534712437
,
 "y" : 2178.730919815795
}
,
{
 "x" : 1534798843
,
 "y" : 1833.56084807651
}
,
{
 "x" : 1534885202
,
 "y" : 1469.017979207533
}
,
{
 "x" : 1534971724
,
 "y" : 2339.406174866305
}
,
{
 "x" : 1535058003
,
 "y" : 2214.240111606441
}
,
{
 "x" : 1535144475
,
 "y" : 2569.507983305893
}
,
{
 "x" : 1535230831
,
 "y" : 3711.838711517421
}
,
{
 "x" : 1535317341
,
 "y" : 2391.128382313151
}
,
{
 "x" : 1535403607
,
 "y" : 2487.228706345098
}
,
{
 "x" : 1535490093
,
 "y" : 2400.551865682278
}
,
{
 "x" : 1535576550
,
 "y" : 8358.474382976736
}
,
{
 "x" : 1535662803
,
 "y" : 6989.319294705409
}
,
{
 "x" : 1535749608
,
 "y" : 7720.352825498059
}
,
{
 "x" : 1535835600
,
 "y" : 4646.427210619411
}
,
{
 "x" : 1535922020
,
 "y" : 1367.117372655435
}
,
{
 "x" : 1536008400
,
 "y" : 3141.086467787586
}
,
{
 "x" : 1536094841
,
 "y" : 1676.797996073197
}
,
{
 "x" : 1536181311
,
 "y" : 1441.771011985268
}
,
{
 "x" : 1536267608
,
 "y" : 990.3103604512414
}
,
{
 "x" : 1536354103
,
 "y" : 1484.391161052003
}
,
{
 "x" : 1536440604
,
 "y" : 1791.614701004162
}
,
{
 "x" : 1536526853
,
 "y" : 1101.329153913693
}
,
{
 "x" : 1536613237
,
 "y" : 1707.850230634643
}
,
{
 "x" : 1536699605
,
 "y" : 1827.777992453807
}
,
{
 "x" : 1536786010
,
 "y" : 1320.672755942702
}
,
{
 "x" : 1536872681
,
 "y" : 1606.890504088779
}
,
{
 "x" : 1536958826
,
 "y" : 750.5417759884748
}
,
{
 "x" : 1537045272
,
 "y" : 964.2483035464719
}
,
{
 "x" : 1537131607
,
 "y" : 932.4463044104091
}
,
{
 "x" : 1537218004
,
 "y" : 1181.339567941644
}
,
{
 "x" : 1537304424
,
 "y" : 1048.81887594814
}
,
{
 "x" : 1537390945
,
 "y" : 1185.607025358492
}
,
{
 "x" : 1537477220
,
 "y" : 1019.543338585862
}
,
{
 "x" : 1537563811
,
 "y" : 1193.45326863622
}
,
{
 "x" : 1537650029
,
 "y" : 1078.466649005691
}
,
{
 "x" : 1537736404
,
 "y" : 1975.032516354747
}
,
{
 "x" : 1537822801
,
 "y" : 2522.302929931817
}
,
{
 "x" : 1537909308
,
 "y" : 810.895543691938
}
,
{
 "x" : 1537995683
,
 "y" : 1121.288830245781
}
,
{
 "x" : 1538082035
,
 "y" : 999.3772678471455
}
,
{
 "x" : 1538168494
,
 "y" : 1178.77620744301
}
,
{
 "x" : 1538254849
,
 "y" : 706.8568426624113
}
,
{
 "x" : 1538341296
,
 "y" : 611.075119852428
}
,
{
 "x" : 1538427684
,
 "y" : 743.7323333555563
}
,
{
 "x" : 1538514014
,
 "y" : 559.9642553406753
}
,
{
 "x" : 1538600438
,
 "y" : 630.8606399173678
}
,
{
 "x" : 1538686854
,
 "y" : 1053.780277247468
}
,
{
 "x" : 1538773217
,
 "y" : 807.9178436922558
}
,
{
 "x" : 1538859609
,
 "y" : 884.9398865849935
}
,
{
 "x" : 1538946013
,
 "y" : 633.259732960279
}
,
{
 "x" : 1539032407
,
 "y" : 759.8033700659638
}
,
{
 "x" : 1539118890
,
 "y" : 800.3542435864442
}
,
{
 "x" : 1539205215
,
 "y" : 1175.043571995294
}
,
{
 "x" : 1539291753
,
 "y" : 1152.766611894462
}
,
{
 "x" : 1539378007
,
 "y" : 498.9133731822643
}
,
{
 "x" : 1539464418
,
 "y" : 422.1574696157621
}
,
{
 "x" : 1539550827
,
 "y" : 699.6849081436877
}
,
{
 "x" : 1539637223
,
 "y" : 1751.351980867214
}
,
{
 "x" : 1539723684
,
 "y" : 581.4181756697393
}
,
{
 "x" : 1539810181
,
 "y" : 640.7377648735495
}
,
{
 "x" : 1539896412
,
 "y" : 567.9861606576676
}
,
{
 "x" : 1539983028
,
 "y" : 667.7240257574799
}
,
{
 "x" : 1540069224
,
 "y" : 611.0714682569211
}
,
{
 "x" : 1540155632
,
 "y" : 694.5744425366795
}
,
{
 "x" : 1540242146
,
 "y" : 463.9004562422231
}
,
{
 "x" : 1540328510
,
 "y" : 1494.95159831211
}
,
{
 "x" : 1540414851
,
 "y" : 847.016247504006
}
,
{
 "x" : 1540501276
,
 "y" : 626.756528632119
}
,
{
 "x" : 1540587615
,
 "y" : 658.7992062936934
}
,
{
 "x" : 1540674017
,
 "y" : 432.1842396764471
}
,
{
 "x" : 1540764106
,
 "y" : 839.1108777046559
}
,
{
 "x" : 1540850413
,
 "y" : 800.8737574052216
}
,
{
 "x" : 1540936916
,
 "y" : 1045.450194051678
}
,
{
 "x" : 1541023204
,