{
 "name" : "Difficulty"
,
 "unit" : "Difficulty"
,
 "period" : "day"
,
 "values" : 
[
{
 "x" : 1527710105
,
 "y" : 0
}
,
{
 "x" : 1527714011
,
 "y" : 0.003080059842505474
}
,
{
 "x" : 1527800626
,
 "y" : 24014.65939780257
}
,
{
 "x" : 1527886835
,
 "y" : 6428.127194518531
}
,
{
 "x" : 1527973311
,
 "y" : 8469.035079762585
}
,
{
 "x" : 1528059602
,
 "y" : 5987.160780202746
}
,
{
 "x" : 1528146127
,
 "y" : 5787.239969116048
}
,
{
 "x" : 1528232490
,
 "y" : 2143.215885410429
}
,
{
 "x" : 1528318802
,
 "y" : 1777.835354192641
}
,
{
 "x" : 1528405256
,
 "y" : 1429.671457645805
}
,
{
 "x" : 1528491630
,
 "y" : 1465.477161065254
}
,
{
 "x" : 1528578018
,
 "y" : 2268.06546753054
}
,
{
 "x" : 1528664498
,
 "y" : 1505.781090532996
}
,
{
 "x" : 1528750821
,
 "y" : 932.7526954346195
}
,
{
 "x" : 1528837220
,
 "y" : 526.7640603534563
}
,
{
 "x" : 1528923744
,
 "y" : 433.3899925085893
}
,
{
 "x" : 1529010099
,
 "y" : 1088.324772662886
}
,
{
 "x" : 1529096468
,
 "y" : 1088.65084305833
}
,
{
 "x" : 1529182803
,
 "y" : 520.6404108389266
}
,
{
 "x" : 1529269259
,
 "y" : 6759.186109279418
}
,
{
 "x" : 1529355620
,
 "y" : 601.0968287673188
}
,
{
 "x" : 1529442078
,
 "y" : 1413.378255328097
}
]
}
