{
 "name" : "Difficulty"
,
 "unit" : "Difficulty"
,
 "period" : "day"
,
 "values" : 
[
{
 "x" : 1515015723
,
 "y" : 0
}
,
{
 "x" : 1515016806
,
 "y" : 0.00390625
}
,
{
 "x" : 1515103201
,
 "y" : 0.2482922449165161
}
,
{
 "x" : 1515189701
,
 "y" : 0.3853662552408282
}
,
{
 "x" : 1515276094
,
 "y" : 0.5801405757586487
}
,
{
 "x" : 1515362418
,
 "y" : 0.7795660552423096
}
,
{
 "x" : 1515448813
,
 "y" : 1.434057638022714
}
,
{
 "x" : 1515535301
,
 "y" : 2.334983938161539
}
,
{
 "x" : 1515621623
,
 "y" : 2.493574315513928
}
,
{
 "x" : 1515708000
,
 "y" : 3.052521989236728
}
,
{
 "x" : 1515794442
,
 "y" : 3.432937948736417
}
,
{
 "x" : 1515880945
,
 "y" : 3.432937948736417
}
,
{
 "x" : 1515967204
,
 "y" : 3.28495790360563
}
,
{
 "x" : 1516053658
,
 "y" : 3.584495763631671
}
,
{
 "x" : 1516140047
,
 "y" : 3.982480556964657
}
,
{
 "x" : 1516226424
,
 "y" : 4.857379110990668
}
,
{
 "x" : 1516312862
,
 "y" : 7.895567609694389
}
,
{
 "x" : 1516399238
,
 "y" : 16.02564567926471
}
,
{
 "x" : 1516485745
,
 "y" : 18.81875755747043
}
,
{
 "x" : 1516572010
,
 "y" : 20.09300988664195
}
,
{
 "x" : 1516658445
,
 "y" : 20.09300988664195
}
,
{
 "x" : 1516744908
,
 "y" : 40.58434631154977
}
,
{
 "x" : 1516831204
,
 "y" : 40.58434631154977
}
,
{
 "x" : 1516917977
,
 "y" : 37.83878388741035
}
,
{
 "x" : 1517004034
,
 "y" : 56.28567977776883
}
,
{
 "x" : 1517090544
,
 "y" : 67.37112636182201
}
,
{
 "x" : 1517176805
,
 "y" : 67.65148735236359
}
,
{
 "x" : 1517263244
,
 "y" : 67.65148735236359
}
,
{
 "x" : 1517349644
,
 "y" : 142.0632541597866
}
,
{
 "x" : 1517436027
,
 "y" : 236.3518025442712
}
,
{
 "x" : 1517522427
,
 "y" : 276.2321560879229
}
,
{
 "x" : 1517608996
,
 "y" : 276.2321560879229
}
,
{
 "x" : 1517695352
,
 "y" : 276.2321560879229
}
,
{
 "x" : 1517781610
,
 "y" : 149.9643345579362
}
,
{
 "x" : 1517868021
,
 "y" : 365.6784149610933
}
,
{
 "x" : 1517954404
,
 "y" : 428.3333333333333
}
,
{
 "x" : 1518040816
,
 "y" : 487.7732228521588
}
,
{
 "x" : 1518127226
,
 "y" : 649.212222277815
}
,
{
 "x" : 1518213621
,
 "y" : 651.7122610137718
}
,
{
 "x" : 1518300046
,
 "y" : 651.7122610137718
}
,
{
 "x" : 1518386425
,
 "y" : 766.6010879023297
}
,
{
 "x" : 1518472870
,
 "y" : 779.3061204419303
}
,
{
 "x" : 1518559231
,
 "y" : 796.4991365343873
}
,
{
 "x" : 1518645647
,
 "y" : 796.4991365343873
}
,
{
 "x" : 1518732027
,
 "y" : 877.774558629733
}
,
{
 "x" : 1518818526
,
 "y" : 965.0135295969342
}
,
{
 "x" : 1518904819
,
 "y" : 1349.03604065984
}
,
{
 "x" : 1518991250
,
 "y" : 1391.567897106509
}
,
{
 "x" : 1519077672
,
 "y" : 1650.738029377275
}
,
{
 "x" : 1519164049
,
 "y" : 1650.738029377275
}
,
{
 "x" : 1519250594
,
 "y" : 1613.717157568525
}
,
{
 "x" : 1519336858
,
 "y" : 1582.65567220922
}
,
{
 "x" : 1519423219
,
 "y" : 1582.65567220922
}
,
{
 "x" : 1519509611
,
 "y" : 1652.992797482005
}
,
{
 "x" : 1519596013
,
 "y" : 1790.187613452348
}
,
{
 "x" : 1519682411
,
 "y" : 2192.532639874785
}
,
{
 "x" : 1519768803
,
 "y" : 3280.216109704545
}
,
{
 "x" : 1519855423
,
 "y" : 4181.951433726482
}
,
{
 "x" : 1519941855
,
 "y" : 5685.870335361495
}
,
{
 "x" : 1520028018
,
 "y" : 6151.841168575763
}
,
{
 "x" : 1520114407
,
 "y" : 6151.841168575763
}
,
{
 "x" : 1520200810
,
 "y" : 5692.487017651752
}
,
{
 "x" : 1520287252
,
 "y" : 7322.498674418406
}
,
{
 "x" : 1520373643
,
 "y" : 8580.742256177477
}
,
{
 "x" : 1520460034
,
 "y" : 8580.742256177477
}
,
{
 "x" : 1520546427
,
 "y" : 9086.06628854791
}
,
{
 "x" : 1520632951
,
 "y" : 10605.84794397416
}
,
{
 "x" : 1520719201
,
 "y" : 10209.91242333476
}
,
{
 "x" : 1520805715
,
 "y" : 10209.91242333476
}
,
{
 "x" : 1520892051
,
 "y" : 10553.41392935071
}
,
{
 "x" : 1520978481
,
 "y" : 10919.19549493434
}
,
{
 "x" : 1521064817
,
 "y" : 11618.26763474253
}
,
{
 "x" : 1521151228
,
 "y" : 11618.26763474253
}
,
{
 "x" : 1521237656
,
 "y" : 11545.83832230696
}
,
{
 "x" : 1521324008
,
 "y" : 12164.8617507605
}
,
{
 "x" : 1521410423
,
 "y" : 12435.47378935939
}
,
{
 "x" : 1521496974
,
 "y" : 12435.47378935939
}
,
{
 "x" : 1521583232
,
 "y" : 12094.32879867762
}
,
{
 "x" : 1521669653
,
 "y" : 11537.03017425478
}
,
{
 "x" : 1521756015
,
 "y" : 11537.03017425478
}
,
{
 "x" : 1521842411
,
 "y" : 12155.04979580747
}
,
{
 "x" : 1521928861
,
 "y" : 13020.29867035306
}
,
{
 "x" : 1522011620
,
 "y" : 15170.91695190056
}
,
{
 "x" : 1522098019
,
 "y" : 17251.1648718886
}
,
{
 "x" : 1522184408
,
 "y" : 17251.1648718886
}
,
{
 "x" : 1522271007
,
 "y" : 19974.05759357095
}
,
{
 "x" : 1522357353
,
 "y" : 24836.93275658671
}
,
{
 "x" : 1522443647
,
 "y" : 25331.03172496771
}
,
{
 "x" : 1522530061
,
 "y" : 25331.03172496771
}
,
{
 "x" : 1522616538
,
 "y" : 25794.89591716616
}
,
{
 "x" : 1522703211
,
 "y" : 25599.02345985123
}
,
{
 "x" : 1522789212
,
 "y" : 28364.53895838011
}
,
{
 "x" : 1522875605
,
 "y" : 28364.53895838011
}
,
{
 "x" : 1522962080
,
 "y" : 26800.25559105431
}
,
{
 "x" : 1523048493
,
 "y" : 25583.77469084324
}
,
{
 "x" : 1523134805
,
 "y" : 25583.77469084324
}
,
{
 "x" : 1523221284
,
 "y" : 25970.68335600907
}
,
{
 "x" : 1523307640
,
 "y" : 25672.93168273628
}
,
{
 "x" : 1523394020
,
 "y" : 25091.733034212
}
,
{
 "x" : 1523480481
,
 "y" : 25091.733034212
}
,
{
 "x" : 1523566814
,
 "y" : 25819.86257146464
}
,
{
 "x" : 1523653203
,
 "y" : 22905.28758926333
}
,
{
 "x" : 1523739610
,
 "y" : 22905.28758926333
}
,
{
 "x" : 1523826030
,
 "y" : 22994.56448530081
}
,
{
 "x" : 1523912439
,
 "y" : 20495.8327845383
}
,
{
 "x" : 1523998833
,
 "y" : 20495.8327845383
}
,
{
 "x" : 1524085586
,
 "y" : 19548.04860953075
}
,
{
 "x" : 1524171732
,
 "y" : 20257.15506629123
}
,
{
 "x" : 1524258128
,
 "y" : 20922.67329192546
}
,
{
 "x" : 1524344424
,
 "y" : 20922.67329192546
}
,
{
 "x" : 1524430813
,
 "y" : 20228.53234990745
}
,
{
 "x" : 1524517226
,
 "y" : 18696.65350543064
}
,
{
 "x" : 1524603640
,
 "y" : 18696.65350543064
}
,
{
 "x" : 1524690075
,
 "y" : 18685.91610941191
}
,
{
 "x" : 1524776494
,
 "y" : 17784.4932235183
}
,
{
 "x" : 1524862826
,
 "y" : 17784.4932235183
}
,
{
 "x" : 1524949212
,
 "y" : 15885.15733877768
}
,
{
 "x" : 1525035676
,
 "y" : 18058.78072060178
}
,
{
 "x" : 1525122002
,
 "y" : 18058.78072060178
}
,
{
 "x" : 1525208429
,
 "y" : 17094.68066644908
}
,
{
 "x" : 1525294864
,
 "y" : 16511.42278282465
}
,
{
 "x" : 1525381203
,
 "y" : 19477.30585738386
}
,
{
 "x" : 1525467635
,
 "y" : 24111.45845379982
}
,
{
 "x" : 1525554008
,
 "y" : 24111.45845379982
}
,
{
 "x" : 1525640433
,
 "y" : 23747.763456913
}
,
{
 "x" : 1525726863
,
 "y" : 21648.99973788737
}
,
{
 "x" : 1525813205
,
 "y" : 21648.99973788737
}
,
{
 "x" : 1525899661
,
 "y" : 23084.04375050388
}
,
{
 "x" : 1525986014
,
 "y" : 25348.67328088389
}
,
{
 "x" : 1526072455
,
 "y" : 25409.86102647537
}
,
{
 "x" : 1526158854
,
 "y" : 25409.86102647537
}
,
{
 "x" : 1526245211
,
 "y" : 24293.53002398298
}
,
{
 "x" : 1526331610
,
 "y" : 25012.96837053818
}
,
{
 "x" : 1526418124
,
 "y" : 25012.96837053818
}
,
{
 "x" : 1526504410
,
 "y" : 22567.33184457347
}
,
{
 "x" : 1526590829
,
 "y" : 21502.24669824073
}
,
{
 "x" : 1526677211
,
 "y" : 21502.24669824073
}
,
{
 "x" : 1526763708
,
 "y" : 20578.52003756445
}
,
{
 "x" : 1526850036
,
 "y" : 20567.38431479593
}
,
{
 "x" : 1526936404
,
 "y" : 21863.5710467774
}
,
{
 "x" : 1527022844
,
 "y" : 21863.5710467774
}
,
{
 "x" : 1527109338
,
 "y" : 21327.9855393447
}
,
{
 "x" : 1527195656
,
 "y" : 20712.99551971758
}
,
{
 "x" : 1527282046
,
 "y" : 20712.99551971758
}
,
{
 "x" : 1527368485
,
 "y" : 19809.88422829627
}
,
{
 "x" : 1527454822
,
 "y" : 19511.63801562784
}
,
{
 "x" : 1527541224
,
 "y" : 20576.35107555215
}
,
{
 "x" : 1527627676
,
 "y" : 20576.35107555215
}
,
{
 "x" : 1527714049
,
 "y" : 19494.45682071952
}
,
{
 "x" : 1527800402
,
 "y" : 18740.70801789026
}
,
{
 "x" : 1527886823
,
 "y" : 18740.70801789026
}
,
{
 "x" : 1527973235
,
 "y" : 19985.39687857721
}
,
{
 "x" : 1528059723
,
 "y" : 19830.64729267381
}
,
{
 "x" : 1528146132
,
 "y" : 19830.64729267381
}
,
{
 "x" : 1528232440
,
 "y" : 18798.45477106504
}
,
{
 "x" : 1528318817
,