{
 "name" : "Difficulty"
,
 "unit" : "Difficulty"
,
 "period" : "day"
,
 "values" : 
[
{
 "x" : 1559677606
,
 "y" : 0
}
,
{
 "x" : 1559763953
,
 "y" : 25310973584.22373
}
,
{
 "x" : 1559850302
,
 "y" : 84391789174.58116
}
,
{
 "x" : 1559936708
,
 "y" : 80528584820.97574
}
,
{
 "x" : 1560023077
,
 "y" : 74367463453.10541
}
,
{
 "x" : 1560109444
,
 "y" : 77482184495.60489
}
,
{
 "x" : 1560195792
,
 "y" : 79254638564.6581
}
,
{
 "x" : 1560282162
,
 "y" : 77496934308.63495
}
,
{
 "x" : 1560368532
,
 "y" : 83827853149.04907
}
,
{
 "x" : 1560454983
,
 "y" : 77199196178.9576
}
,
{
 "x" : 1560541324
,
 "y" : 85315656677.52423
}
,
{
 "x" : 1560627699
,
 "y" : 83555677535.8111
}
,
{
 "x" : 1560714060
,
 "y" : 80868400674.16077
}
,
{
 "x" : 1560800428
,
 "y" : 76970112572.71729
}
,
{
 "x" : 1560886790
,
 "y" : 85760101077.46892
}
,
{
 "x" : 1560973174
,
 "y" : 83815567150.86508
}
,
{
 "x" : 1561059526
,
 "y" : 84284882405.17215
}
,
{
 "x" : 1561145907
,
 "y" : 82326005047.99745
}
,
{
 "x" : 1561232348
,
 "y" : 74565164935.38629
}
,
{
 "x" : 1561318759
,
 "y" : 94061776930.24673
}
,
{
 "x" : 1561405106
,
 "y" : 86491284464.42073
}
,
{
 "x" : 1561491478
,
 "y" : 88581670995.5291
}
,
{
 "x" : 1561577840
,
 "y" : 93680721876.28
}
,
{
 "x" : 1561664183
,
 "y" : 95963240969.61436
}
,
{
 "x" : 1561750589
,
 "y" : 91006736198.09283
}
,
{
 "x" : 1561836947
,
 "y" : 107508175444.5412
}
,
{
 "x" : 1561923363
,
 "y" : 115695975052.2233
}
,
{
 "x" : 1562009768
,
 "y" : 102199095858.9342
}
,
{
 "x" : 1562096120
,
 "y" : 96971732732.4456
}
,
{
 "x" : 1562182466
,
 "y" : 108432593549.5572
}
,
{
 "x" : 1562268838
,
 "y" : 113303144726.1002
}
,
{
 "x" : 1562355227
,
 "y" : 96949291582.25034
}
,
{
 "x" : 1562441681
,
 "y" : 104619989294.006
}
,
{
 "x" : 1562528027
,
 "y" : 108804757270.689
}
,
{
 "x" : 1562614383
,
 "y" : 108977210656.1185
}
,
{
 "x" : 1562700797
,
 "y" : 107585062964.5116
}
,
{
 "x" : 1562787226
,
 "y" : 108816259091.1908
}
,
{
 "x" : 1562873645
,
 "y" : 107946085043.2122
}
,
{
 "x" : 1562960195
,
 "y" : 112395970217.0508
}
,
{
 "x" : 1563046540
,
 "y" : 117289186645.2133
}
,
{
 "x" : 1563132944
,
 "y" : 113533259688.5328
}
,
{
 "x" : 1563219436
,
 "y" : 94667307613.16704
}
,
{
 "x" : 1563305884
,
 "y" : 112534642906.5838
}
,
{
 "x" : 1563392235
,
 "y" : 103270675958.9479
}
,
{
 "x" : 1563478667
,
 "y" : 116181550204.7709
}
,
{
 "x" : 1563565059
,
 "y" : 103497177641.8849
}
,
{
 "x" : 1563651416
,
 "y" : 117206196853.3667
}
,
{
 "x" : 1563737798
,
 "y" : 109182296828.3169
}
,
{
 "x" : 1563824164
,
 "y" : 117025552514.3206
}
,
{
 "x" : 1563910512
,
 "y" : 113222495582.7568
}
,
{
 "x" : 1563996897
,
 "y" : 112492478321.2735
}
,
{
 "x" : 1564083321
,
 "y" : 125638588452.2305
}
,
{
 "x" : 1564169691
,
 "y" : 130441187326.5319
}
,
{
 "x" : 1564256050
,
 "y" : 116949198676.1021
}
,
{
 "x" : 1564342432
,
 "y" : 112750527753.6895
}
,
{
 "x" : 1564428783
,
 "y" : 116273788435.1494
}
,
{
 "x" : 1564515191
,
 "y" : 129480640797.371
}
,
{
 "x" : 1564601572
,
 "y" : 119310091393.2278
}
,
{
 "x" : 1564687921
,
 "y" : 125411609799.325
}
,
{
 "x" : 1564774262
,
 "y" : 127832271016.0023
}
,
{
 "x" : 1564860750
,
 "y" : 123691306900.6837
}
,
{
 "x" : 1564947148
,
 "y" : 116286548329.6917
}
,
{
 "x" : 1565033512
,
 "y" : 125897398109.7002
}
,
{
 "x" : 1565119854
,
 "y" : 121529829934.7967
}
,
{
 "x" : 1565206276
,
 "y" : 117110189905.0529
}
,
{
 "x" : 1565292653
,
 "y" : 128647041699.4879
}
,
{
 "x" : 1565379004
,
 "y" : 98233315510.19484
}
,
{
 "x" : 1565465390
,
 "y" : 119113850553.776
}
,
{
 "x" : 1565551754
,
 "y" : 115902355680.071
}
,
{
 "x" : 1565638182
,
 "y" : 124562203793.9216
}
,
{
 "x" : 1565724653
,
 "y" : 116829361049.3106
}
,
{
 "x" : 1565811061
,
 "y" : 132685576465.1185
}
,
{
 "x" : 1565897470
,
 "y" : 132667498612.3184
}
,
{
 "x" : 1565983860
,
 "y" : 130100865623.2455
}
,
{
 "x" : 1566070209
,
 "y" : 128621781668.452
}
,
{
 "x" : 1566156557
,
 "y" : 135790651597.4932
}
,
{
 "x" : 1566242913
,
 "y" : 134966068648.1761
}
,
{
 "x" : 1566329318
,
 "y" : 128925327609.5412
}
,
{
 "x" : 1566415735
,
 "y" : 132719546835.0027
}
,
{
 "x" : 1566502213
,
 "y" : 140509482855.2935
}
,
{
 "x" : 1566588559
,
 "y" : 138833966317.3494
}
,
{
 "x" : 1566674927
,
 "y" : 128908951658.2229
}
,
{
 "x" : 1566761340
,
 "y" : 123371310796.2856
}
,
{
 "x" : 1566847688
,
 "y" : 126997307875.5912
}
,
{
 "x" : 1566934039
,
 "y" : 141991634040.0421
}
,
{
 "x" : 1567020470
,
 "y" : 124137095860.8621
}
,
{
 "x" : 1567106902
,
 "y" : 135373035156.8066
}
,
{
 "x" : 1567193309
,
 "y" : 134912496445.0347
}
,
{
 "x" : 1567279652
,
 "y" : 133325366961.048
}
,
{
 "x" : 1567366018
,
 "y" : 137809578913.1145
}
,
{
 "x" : 1567452363
,
 "y" : 149956181625.8325
}
,
{
 "x" : 1567538800
,
 "y" : 146966490430.8048
}
,
{
 "x" : 1567625152
,
 "y" : 129120544401.0998
}
,
{
 "x" : 1567711535
,
 "y" : 135959754495.0417
}
,
{
 "x" : 1567798013
,
 "y" : 142146253489.3221
}
,
{
 "x" : 1567884472
,
 "y" : 144659512691.549
}
,
{
 "x" : 1567970835
,
 "y" : 146489636922.0232
}
,
{
 "x" : 1568057186
,
 "y" : 147662500233.2061
}
,
{
 "x" : 1568143542
,
 "y" : 136909365858.585
}
,
{
 "x" : 1568230005
,
 "y" : 136878157176.8602
}
,
{
 "x" : 1568316442
,
 "y" : 213261871226.597
}
,
{
 "x" : 1568402786
,
 "y" : 212890124107.1539
}
,
{
 "x" : 1568489208
,
 "y" : 213223376190.0821
}
,
{
 "x" : 1568575591
,
 "y" : 213296591784.1596
}
,
{
 "x" : 1568662095
,
 "y" : 208071146486.4995
}
,
{
 "x" : 1568748559
,
 "y" : 210383311366.3906
}
,
{
 "x" : 1568835095
,
 "y" : 213461510852.2291
}
,
{
 "x" : 1568921521
,
 "y" : 215411021372.6474
}
,
{
 "x" : 1569008147
,
 "y" : 223632086298.6877
}
,
{
 "x" : 1569094529
,
 "y" : 219795002139.1864
}
,
{
 "x" : 1569181104
,
 "y" : 215998628663.6276
}
,
{
 "x" : 1569267491
,
 "y" : 205660636381.0991
}
,
{
 "x" : 1569353836
,
 "y" : 210632379584.3861
}
,
{
 "x" : 1569440194
,
 "y" : 207753193939.2284
}
,
{
 "x" : 1569526584
,
 "y" : 222829868343.6935
}
,
{
 "x" : 1569612957
,
 "y" : 220574803555.5111
}
,
{
 "x" : 1569699354
,
 "y" : 217278472904.6056
}
,
{
 "x" : 1569785740
,
 "y" : 136557275025.4426
}
,
{
 "x" : 1569872085
,
 "y" : 96005050338.2193
}
,
{
 "x" : 1569958475
,
 "y" : 94556000223.47606
}
,
{
 "x" : 1570044866
,
 "y" : 86721749402.5105
}
,
{
 "x" : 1570131246
,
 "y" : 88842153283.34969
}
,
{
 "x" : 1570217718
,
 "y" : 86597620584.34024
}
,
{
 "x" : 1570304078
,
 "y" : 128400606798.6496
}
,
{
 "x" : 1570390439
,
 "y" : 187948622076.8216
}
,
{
 "x" : 1570476794
,
 "y" : 191161708829.7877
}
,
{
 "x" : 1570563236
,
 "y" : 181681898817.7247
}
,
{
 "x" : 1570649635
,
 "y" : 187025165079.4108
}
,
{
 "x" : 1570736014
,
 "y" : 200546881509.3241
}
,
{
 "x" : 1570822422
,
 "y" : 183590909505.356
}
,
{
 "x" : 1570908766
,
 "y" : 191766607477.5587
}
,
{
 "x" : 1570995111
,
 "y" : 188087461338.6552
}
,
{
 "x" : 1571081481
,
 "y" : 186151606304.3005
}
,
{
 "x" : 1571167894
,
 "y" : 190090577122.3333
}
,
{
 "x" : 1571254356
,
 "y" : 192064607126.1412
}
,
{
 "x" : 1571340718
,
 "y" : 175722260763.2076
}
,
{
 "x" : 1571427065
,
 "y" : 208520332231.647
}
,
{
 "x" : 1571513430
,
 "y" : 216918720840.6842
}
,
{
 "x" : 1571599838
,
 "y" : 224180343991.0776
}
]
}
