{
 "name" : "Difficulty"
,
 "unit" : "Difficulty"
,
 "period" : "day"
,
 "values" : 
[
{
 "x" : 1559677606
,
 "y" : 0
}
,
{
 "x" : 1559682155
,
 "y" : 0.0002441371325370145
}
,
{
 "x" : 1559768478
,
 "y" : 55867275447.20818
}
,
{
 "x" : 1559854855
,
 "y" : 84391789174.58116
}
,
{
 "x" : 1559941245
,
 "y" : 80528584820.97574
}
,
{
 "x" : 1560027709
,
 "y" : 71297743935.34027
}
,
{
 "x" : 1560114090
,
 "y" : 71460939060.17268
}
,
{
 "x" : 1560200406
,
 "y" : 79254638564.6581
}
,
{
 "x" : 1560286833
,
 "y" : 77357328075.33437
}
,
{
 "x" : 1560373240
,
 "y" : 83827853149.04907
}
,
{
 "x" : 1560459655
,
 "y" : 82382479239.08563
}
,
{
 "x" : 1560546031
,
 "y" : 81819434964.57857
}
,
{
 "x" : 1560632475
,
 "y" : 76213160288.4312
}
,
{
 "x" : 1560718809
,
 "y" : 80868400674.16077
}
,
{
 "x" : 1560805208
,
 "y" : 76970112572.71729
}
,
{
 "x" : 1560891602
,
 "y" : 82852602954.25426
}
,
{
 "x" : 1560978000
,
 "y" : 83815567150.86508
}
,
{
 "x" : 1561064416
,
 "y" : 82594759948.07506
}
,
{
 "x" : 1561150814
,
 "y" : 82326005047.99745
}
,
{
 "x" : 1561237387
,
 "y" : 88291219002.8956
}
,
{
 "x" : 1561323682
,
 "y" : 94061776930.24673
}
,
{
 "x" : 1561410019
,
 "y" : 101999021189.6787
}
,
{
 "x" : 1561496408
,
 "y" : 88581670995.5291
}
,
{
 "x" : 1561582886
,
 "y" : 105429294157.5052
}
,
{
 "x" : 1561669230
,
 "y" : 95963240969.61436
}
,
{
 "x" : 1561755668
,
 "y" : 102265526533.1352
}
,
{
 "x" : 1561842084
,
 "y" : 110674809007.2422
}
,
{
 "x" : 1561928451
,
 "y" : 106732494451.0033
}
,
{
 "x" : 1562014810
,
 "y" : 102199095858.9342
}
,
{
 "x" : 1562101210
,
 "y" : 113620264253.7614
}
,
{
 "x" : 1562187616
,
 "y" : 108432593549.5572
}
,
{
 "x" : 1562274037
,
 "y" : 113303144726.1002
}
,
{
 "x" : 1562360414
,
 "y" : 96949291582.25034
}
,
{
 "x" : 1562446811
,
 "y" : 104619989294.006
}
,
{
 "x" : 1562533314
,
 "y" : 108804757270.689
}
,
{
 "x" : 1562619656
,
 "y" : 108977210656.1185
}
,
{
 "x" : 1562706043
,
 "y" : 107585062964.5116
}
,
{
 "x" : 1562792421
,
 "y" : 108816259091.1908
}
,
{
 "x" : 1562878816
,
 "y" : 107946085043.2122
}
,
{
 "x" : 1562965203
,
 "y" : 112395970217.0508
}
,
{
 "x" : 1563051617
,
 "y" : 117289186645.2133
}
,
{
 "x" : 1563138051
,
 "y" : 113533259688.5328
}
,
{
 "x" : 1563224408
,
 "y" : 94667307613.16704
}
,
{
 "x" : 1563310862
,
 "y" : 112534642906.5838
}
,
{
 "x" : 1563397292
,
 "y" : 103270675958.9479
}
,
{
 "x" : 1563483654
,
 "y" : 116181550204.7709
}
,
{
 "x" : 1563570006
,
 "y" : 103497177641.8849
}
,
{
 "x" : 1563656436
,
 "y" : 117206196853.3667
}
,
{
 "x" : 1563742890
,
 "y" : 109182296828.3169
}
,
{
 "x" : 1563829214
,
 "y" : 117025552514.3206
}
,
{
 "x" : 1563915605
,
 "y" : 113222495582.7568
}
,
{
 "x" : 1564002046
,
 "y" : 112492478321.2735
}
,
{
 "x" : 1564088432
,
 "y" : 125638588452.2305
}
,
{
 "x" : 1564174800
,
 "y" : 130441187326.5319
}
,
{
 "x" : 1564261260
,
 "y" : 116949198676.1021
}
,
{
 "x" : 1564347600
,
 "y" : 112750527753.6895
}
,
{
 "x" : 1564434001
,
 "y" : 116273788435.1494
}
,
{
 "x" : 1564520406
,
 "y" : 129480640797.371
}
,
{
 "x" : 1564606911
,
 "y" : 119310091393.2278
}
,
{
 "x" : 1564693232
,
 "y" : 125411609799.325
}
,
{
 "x" : 1564779664
,
 "y" : 127832271016.0023
}
,
{
 "x" : 1564866004
,
 "y" : 123691306900.6837
}
,
{
 "x" : 1564952469
,
 "y" : 116286548329.6917
}
,
{
 "x" : 1565038804
,
 "y" : 125897398109.7002
}
,
{
 "x" : 1565125222
,
 "y" : 121529829934.7967
}
,
{
 "x" : 1565211619
,
 "y" : 117110189905.0529
}
,
{
 "x" : 1565298015
,
 "y" : 128647041699.4879
}
,
{
 "x" : 1565384464
,
 "y" : 110151177886.6029
}
,
{
 "x" : 1565470834
,
 "y" : 119113850553.776
}
]
}
