{
 "name" : "Difficulty"
,
 "unit" : "Difficulty"
,
 "period" : "day"
,
 "values" : 
[
{
 "x" : 1559677606
,
 "y" : 0
}
,
{
 "x" : 1559682155
,
 "y" : 0.0002441371325370145
}
,
{
 "x" : 1559768478
,
 "y" : 55867275447.20818
}
,
{
 "x" : 1559854855
,
 "y" : 84391789174.58116
}
,
{
 "x" : 1559941245
,
 "y" : 80528584820.97574
}
,
{
 "x" : 1560027709
,
 "y" : 71297743935.34027
}
,
{
 "x" : 1560114090
,
 "y" : 71460939060.17268
}
,
{
 "x" : 1560200406
,
 "y" : 79254638564.6581
}
,
{
 "x" : 1560286833
,
 "y" : 77357328075.33437
}
,
{
 "x" : 1560373240
,
 "y" : 83827853149.04907
}
,
{
 "x" : 1560459655
,
 "y" : 82382479239.08563
}
,
{
 "x" : 1560546031
,
 "y" : 81819434964.57857
}
,
{
 "x" : 1560632475
,
 "y" : 76213160288.4312
}
,
{
 "x" : 1560718809
,
 "y" : 80868400674.16077
}
,
{
 "x" : 1560805208
,
 "y" : 76970112572.71729
}
,
{
 "x" : 1560891602
,
 "y" : 82852602954.25426
}
,
{
 "x" : 1560978000
,
 "y" : 83815567150.86508
}
,
{
 "x" : 1561064416
,
 "y" : 82594759948.07506
}
,
{
 "x" : 1561150814
,
 "y" : 82326005047.99745
}
,
{
 "x" : 1561237387
,
 "y" : 88291219002.8956
}
,
{
 "x" : 1561323682
,
 "y" : 94061776930.24673
}
,
{
 "x" : 1561410019
,
 "y" : 101999021189.6787
}
,
{
 "x" : 1561496408
,
 "y" : 88581670995.5291
}
,
{
 "x" : 1561582886
,
 "y" : 105429294157.5052
}
,
{
 "x" : 1561669230
,
 "y" : 95963240969.61436
}
,
{
 "x" : 1561755668
,
 "y" : 102265526533.1352
}
,
{
 "x" : 1561842084
,
 "y" : 110674809007.2422
}
,
{
 "x" : 1561928451
,
 "y" : 106732494451.0033
}
,
{
 "x" : 1562014810
,
 "y" : 102199095858.9342
}
,
{
 "x" : 1562101210
,
 "y" : 113620264253.7614
}
,
{
 "x" : 1562187616
,
 "y" : 108432593549.5572
}
,
{
 "x" : 1562274037
,
 "y" : 113303144726.1002
}
,
{
 "x" : 1562360414
,
 "y" : 96949291582.25034
}
,
{
 "x" : 1562446811
,
 "y" : 104619989294.006
}
,
{
 "x" : 1562533314
,
 "y" : 108804757270.689
}
,
{
 "x" : 1562619656
,
 "y" : 108977210656.1185
}
,
{
 "x" : 1562706043
,
 "y" : 107585062964.5116
}
,
{
 "x" : 1562792421
,
 "y" : 108816259091.1908
}
,
{
 "x" : 1562878816
,
 "y" : 107946085043.2122
}
,
{
 "x" : 1562965203
,
 "y" : 112395970217.0508
}
,
{
 "x" : 1563051617
,
 "y" : 117289186645.2133
}
,
{
 "x" : 1563138051
,
 "y" : 113533259688.5328
}
,
{
 "x" : 1563224408
,
 "y" : 94667307613.16704
}
,
{
 "x" : 1563310862
,
 "y" : 112534642906.5838
}
,
{
 "x" : 1563397292
,
 "y" : 103270675958.9479
}
,
{
 "x" : 1563483654
,
 "y" : 116181550204.7709
}
,
{
 "x" : 1563570006
,
 "y" : 103497177641.8849
}
,
{
 "x" : 1563656436
,
 "y" : 117206196853.3667
}
,
{
 "x" : 1563742890
,
 "y" : 109182296828.3169
}
,
{
 "x" : 1563829214
,
 "y" : 117025552514.3206
}
,
{
 "x" : 1563915605
,
 "y" : 113222495582.7568
}
,
{
 "x" : 1564002046
,
 "y" : 112492478321.2735
}
,
{
 "x" : 1564088432
,
 "y" : 125638588452.2305
}
,
{
 "x" : 1564174800
,
 "y" : 130441187326.5319
}
,
{
 "x" : 1564261260
,
 "y" : 116949198676.1021
}
,
{
 "x" : 1564347600
,
 "y" : 112750527753.6895
}
,
{
 "x" : 1564434001
,
 "y" : 116273788435.1494
}
,
{
 "x" : 1564520406
,
 "y" : 129480640797.371
}
,
{
 "x" : 1564606911
,
 "y" : 119310091393.2278
}
,
{
 "x" : 1564693232
,
 "y" : 125411609799.325
}
,
{
 "x" : 1564779664
,
 "y" : 127832271016.0023
}
,
{
 "x" : 1564866004
,
 "y" : 123691306900.6837
}
,
{
 "x" : 1564952469
,
 "y" : 116286548329.6917
}
,
{
 "x" : 1565038804
,
 "y" : 125897398109.7002
}
,
{
 "x" : 1565125222
,
 "y" : 121529829934.7967
}
,
{
 "x" : 1565211619
,
 "y" : 117110189905.0529
}
,
{
 "x" : 1565298015
,
 "y" : 128647041699.4879
}
,
{
 "x" : 1565384464
,
 "y" : 110151177886.6029
}
,
{
 "x" : 1565470834
,
 "y" : 119113850553.776
}
,
{
 "x" : 1565557340
,
 "y" : 116009837852.5064
}
,
{
 "x" : 1565643731
,
 "y" : 124562203793.9216
}
,
{
 "x" : 1565730057
,
 "y" : 117778244659.6755
}
,
{
 "x" : 1565816414
,
 "y" : 132685576465.1185
}
,
{
 "x" : 1565902820
,
 "y" : 121542949501.8962
}
,
{
 "x" : 1565989275
,
 "y" : 121186043798.4577
}
,
{
 "x" : 1566075627
,
 "y" : 114189603464.6807
}
,
{
 "x" : 1566162006
,
 "y" : 129193468879.4623
}
,
{
 "x" : 1566248437
,
 "y" : 129481106134.9288
}
,
{
 "x" : 1566334846
,
 "y" : 132558647133.8274
}
,
{
 "x" : 1566421266
,
 "y" : 125125234688.6046
}
,
{
 "x" : 1566507723
,
 "y" : 140509482855.2935
}
,
{
 "x" : 1566594034
,
 "y" : 134778247622.2811
}
,
{
 "x" : 1566680413
,
 "y" : 133757732887.886
}
,
{
 "x" : 1566766864
,
 "y" : 129134659855.913
}
,
{
 "x" : 1566853213
,
 "y" : 131635040311.4019
}
,
{
 "x" : 1566939635
,
 "y" : 128850170907.8785
}
,
{
 "x" : 1567026007
,
 "y" : 126497236844.1567
}
,
{
 "x" : 1567112418
,
 "y" : 139267591025.6364
}
,
{
 "x" : 1567198800
,
 "y" : 143807254828.8342
}
,
{
 "x" : 1567285202
,
 "y" : 133325366961.048
}
,
{
 "x" : 1567371678
,
 "y" : 137809578913.1145
}
,
{
 "x" : 1567458035
,
 "y" : 142388662351.5234
}
,
{
 "x" : 1567544400
,
 "y" : 137763207301.6526
}
,
{
 "x" : 1567630811
,
 "y" : 129120544401.0998
}
,
{
 "x" : 1567717241
,
 "y" : 139016907266.0417
}
,
{
 "x" : 1567803678
,
 "y" : 153219432823.0027
}
,
{
 "x" : 1567890055
,
 "y" : 151278126223.0278
}
,
{
 "x" : 1567976417
,
 "y" : 148818634268.1595
}
,
{
 "x" : 1568062817
,
 "y" : 146422065017.9331
}
,
{
 "x" : 1568149225
,
 "y" : 158133066750.7191
}
,
{
 "x" : 1568235601
,
 "y" : 136878157176.8602
}
,
{
 "x" : 1568322016
,
 "y" : 213261871226.597
}
,
{
 "x" : 1568408463
,
 "y" : 212890124107.1539
}
,
{
 "x" : 1568494848
,
 "y" : 214374738270.1032
}
,
{
 "x" : 1568581203
,
 "y" : 206037585320.7525
}
,
{
 "x" : 1568667625
,
 "y" : 198486882663.0935
}
,
{
 "x" : 1568754019
,
 "y" : 212588013318.5233
}
,
{
 "x" : 1568840426
,
 "y" : 212635063552.5303
}
,
{
 "x" : 1568926815
,
 "y" : 216041371045.8703
}
,
{
 "x" : 1569013324
,
 "y" : 206615381713.1048
}
,
{
 "x" : 1569099639
,
 "y" : 203802733698.0998
}
,
{
 "x" : 1569186230
,
 "y" : 211753989392.0965
}
,
{
 "x" : 1569272451
,
 "y" : 207321618851.1883
}
,
{
 "x" : 1569358921
,
 "y" : 238577124241.9532
}
,
{
 "x" : 1569445244
,
 "y" : 222958112178.5118
}
,
{
 "x" : 1569531642
,
 "y" : 228240676476.3835
}
,
{
 "x" : 1569618034
,
 "y" : 227126282576.6822
}
,
{
 "x" : 1569704412
,
 "y" : 218117050724.8224
}
,
{
 "x" : 1569790849
,
 "y" : 97441059931.06062
}
,
{
 "x" : 1569877345
,
 "y" : 96005050338.2193
}
]
}
